title,date,author,url,source
CGI.br e NIC.br lançam programa de incentivo à pesquisa sobre impactos da Inteligência Artificial na Web,2025-11-11,CGI.br Notícias,https://cgi.br/noticia/releases/cgi-br-e-nic-br-lancam-programa-de-incentivo-a-pesquisa-sobre-impactos-da-inteligencia-artificial-na-web/,CGI Notícias
"Nota de pesar: Rubens Kühl, gerente de produtos e mercado do Registro.br",2025-11-03,CGI.br Notícias,https://cgi.br/noticia/notas/nota-de-pesar-rubens-kuhl-gerente-de-produtos-e-mercado-do-registro-br/,CGI Notícias
"Note of Condolence: Rubens Kühl, Registro.br Product Marketing Manager",2025-11-03,CGI.br Notícias,https://cgi.br/noticia/notas/note-of-condolence-rubens-kuhl-registro-br-product-marketing-manager/,CGI Notícias
"TIC Kids Online Brasil: 65% das crianças e dos adolescentes usam IA generativa para estudar, criar conteúdo e lidar com emoções",22 OUT 2025,CGI.br Notícias,https://cgi.br/noticia/releases/tic-kids-online-brasil-65-das-criancas-e-dos-adolescentes-usam-ia-generativa-para-estudar-criar-conteudo-e-lidar-com-emocoes/,CGI Notícias
10º Simpósio de Crianças e Adolescentes na Internet debate ECA Digital e impactos das apostas online no público infantojuvenil,16 OUT 2025,CGI.br Notícias,https://cgi.br/noticia/releases/10-simposio-de-criancas-e-adolescentes-na-internet-debate-eca-digital-e-impactos-das-apostas-online-no-publico-infantojuvenil/,CGI Notícias
"Uso de Inteligência Artificial em equipamentos culturais brasileiros é incipiente, mas digitalização avança, revela pesquisa TIC Cultura 2024",07 OUT 2025,CGI.br Notícias,https://cgi.br/noticia/releases/uso-de-inteligencia-artificial-em-equipamentos-culturais-brasileiros-e-incipiente-mas-digitalizacao-avanca-revela-pesquisa-tic-cultura-2024/,CGI Notícias
Mais acessível e completo: conheça o novo site do Cetic.br,30 SET 2025,CGI.br Notícias,https://cgi.br/noticia/notas/mais-acessivel-e-completo-conheca-o-novo-site-do-cetic-br/,CGI Notícias
"Evento em São Paulo celebra 15 anos de SACI-Adm, referência na disputa de domínios de Internet no Brasil",30 SET 2025,CGI.br Notícias,https://cgi.br/noticia/releases/evento-em-sao-paulo-celebra-15-anos-de-saci-adm-referencia-na-disputa-de-dominios-de-internet-no-brasil/,CGI Notícias
Carta de Maputo do 3º Fórum Lusófono de Governação da Internet,23 SET 2025,CGI.br Notícias,https://cgi.br/noticia/notas/carta-de-maputo-do-3-forum-lusofono-de-governacao-da-internet/,CGI Notícias
"Nota de pesar: Péter Major, referência global em governança na Internet",19 SET 2025,CGI.br Notícias,https://cgi.br/noticia/notas/nota-de-pesar-peter-major-referencia-global-em-governanca-na-internet/,CGI Notícias
"Note of Condolence: Péter Major, a Global Reference in Internet Governance",19 SET 2025,CGI.br Notícias,https://cgi.br/noticia/notas/note-of-condolence-peter-major-a-global-reference-in-internet-governance/,CGI Notícias
"Sete em cada dez alunos do Ensino Médio usam IA generativa em pesquisas escolares, revela TIC Educação",16 SET 2025,CGI.br Notícias,https://cgi.br/noticia/releases/sete-em-cada-dez-alunos-do-ensino-medio-usam-ia-generativa-em-pesquisas-escolares-revela-tic-educacao/,CGI Notícias
15º Workshop do Cetic.br debate integração de dados emergentes e novas tecnologias em pesquisas,01 SET 2025,CGI.br Notícias,https://cgi.br/noticia/notas/15-workshop-do-cetic-br-debate-integracao-de-dados-emergentes-e-novas-tecnologias-em-pesquisas/,CGI Notícias
"Ex-coordenador do CGI.br, Virgilio Almeida tomará posse como membro da Academia Nacional de Engenharia dos Estados Unidos",01 SET 2025,CGI.br Notícias,https://cgi.br/noticia/notas/ex-coordenador-do-cgi-br-virgilio-almeida-tomara-posse-como-membro-da-academia-nacional-de-engenharia-dos-estados-unidos/,CGI Notícias
Representantes do governo do Reino Unido visitam sede do NIC.br e discutem fortalecimento de parceria com a entidade,26 AGO 2025,CGI.br Notícias,https://cgi.br/noticia/notas/representantes-do-governo-do-reino-unido-visitam-sede-do-nic-br-e-discutem-fortalecimento-de-parceria-com-a-entidade/,CGI Notícias
NIC.br e ANPD renovam parceria para o fortalecimento da proteção de dados no país,25 AGO 2025,CGI.br Notícias,https://cgi.br/noticia/releases/nic-br-e-anpd-renovam-parceria-para-o-fortalecimento-da-protecao-de-dados-no-pais/,CGI Notícias
"2º Seminário do OBIA debate impactos da IA no trabalho, na educação e no ambiente",25 AGO 2025,CGI.br Notícias,https://cgi.br/noticia/releases/2-seminario-do-obia-debate-impactos-da-ia-no-trabalho-na-educacao-e-no-ambiente/,CGI Notícias
NIC.br lança podcast sobre a história e os rumos da governança da Internet no Brasil,22 AGO 2025,CGI.br Notícias,https://cgi.br/noticia/releases/nic-br-lanca-podcast-sobre-a-historia-e-os-rumos-da-governanca-da-internet-no-brasil/,CGI Notícias
"Nota de pesar: Liane Tarouco, pioneira no desenvolvimento de redes no Brasil",20 AGO 2025,CGI.br Notícias,https://cgi.br/noticia/notas/nota-de-pesar-liane-tarouco-pioneira-no-desenvolvimento-de-redes-no-brasil/,CGI Notícias
Seminário de Privacidade e Dados Pessoais celebra 15 anos com debates sobre IA e cibersegurança,19 AGO 2025,CGI.br Notícias,https://cgi.br/noticia/releases/seminario-de-privacidade-e-dados-pessoais-celebra-15-anos-com-debates-sobre-ia-e-ciberseguranca/,CGI Notícias
NIC.br oferece novos domínios .br com foco em tecnologia e identidade digital,19 AGO 2025,CGI.br Notícias,https://cgi.br/noticia/releases/nic-br-oferece-novos-dominios-br-com-foco-em-tecnologia-e-identidade-digital/,CGI Notícias
"Após consulta aberta, CGI.br apresenta versão final dos Princípios para a Regulação de Redes Sociais",14 AGO 2025,CGI.br Notícias,https://cgi.br/noticia/releases/apos-consulta-aberta-cgi-br-apresenta-versao-final-dos-principios-para-a-regulacao-de-redes-sociais/,CGI Notícias
Prêmio reconhece atuação do Ceweb.br por uma Web mais acessível no Brasil,11 AGO 2025,CGI.br Notícias,https://cgi.br/noticia/releases/premio-reconhece-atuacao-do-ceweb-br-por-uma-web-mais-acessivel-no-brasil/,CGI Notícias
Ceweb.br oferece minicursos gratuitos para promover boas práticas de acessibilidade digital,01 AGO 2025,CGI.br Notícias,https://cgi.br/noticia/releases/ceweb-br-oferece-minicursos-gratuitos-para-promover-boas-praticas-de-acessibilidade-digital/,CGI Notícias
Ceweb.br organiza debate sobre os impactos dos “agentes de IA” no ecossistema da Web,01 AGO 2025,CGI.br Notícias,https://cgi.br/noticia/notas/ceweb-br-organiza-debate-sobre-os-impactos-dos-agentes-de-ia-no-ecossistema-da-web/,CGI Notícias
Iniciativa do CGI.br e do NIC.br busca fortalecer papel do Brasil na discussão de padrões para a Internet,2025-07-24,CGI.br Notícias,https://cgi.br/noticia/notas/iniciativa-do-cgi-br-e-do-nic-br-busca-fortalecer-papel-do-brasil-na-discussao-de-padroes-para-a-internet/,CGI Notícias
Belém será a cidade-sede do 16º Fórum da Internet no Brasil,2025-07-18,CGI.br Notícias,https://cgi.br/noticia/releases/belem-sera-a-cidade-sede-do-16-forum-da-internet-no-brasil/,CGI Notícias
IGF 2025: Confira as atividades organizadas ou com participação de representantes do CGI.br e NIC.br,2025-06-18,CGI.br Notícias,https://cgi.br/noticia/notas/igf-2025-confira-as-atividades-organizadas-ou-com-participacao-de-representantes-do-cgi-br-e-nic-br/,CGI Notícias
CGI.br prorroga até 30 de junho prazo da consulta sobre princípios para regulação de redes sociais,2025-06-16,CGI.br Notícias,https://cgi.br/noticia/releases/cgi-br-prorroga-ate-30-de-junho-prazo-da-consulta-sobre-principios-para-regulacao-de-redes-sociais/,CGI Notícias
Ceweb.br oferece capacitação para a nova norma ABNT de acessibilidade digital,2025-06-13,CGI.br Notícias,https://cgi.br/noticia/releases/ceweb-br-oferece-capacitacao-para-a-nova-norma-abnt-de-acessibilidade-digital/,CGI Notícias
"Em visita ao NIC.br, deputado federal David Soares conhece modelo de governança da Internet que é referência internacional",2025-06-05,CGI.br Notícias,https://cgi.br/noticia/notas/em-visita-ao-nic-br-deputado-federal-david-soares-conhece-modelo-de-governanca-da-internet-que-e-referencia-internacional/,CGI Notícias
"Nota de pesar: Antonio Hélio Guerra Vieira, ex-reitor da USP e professor que liderou projeto do primeiro computador brasileiro",2025-06-02,CGI.br Notícias,https://cgi.br/noticia/notas/nota-de-pesar-antonio-helio-guerra-vieira-ex-reitor-da-usp-e-professor-que-liderou-projeto-do-primeiro-computador-brasileiro/,CGI Notícias
Fórum da Internet no Brasil resgata legado da Eco92 e discute desafios da governança digital e ambiental,29 MAI 2025,CGI.br Notícias,https://cgi.br/noticia/releases/forum-da-internet-no-brasil-resgata-legado-da-eco92-e-discute-desafios-da-governanca-digital-e-ambiental/,CGI Notícias
Prêmio Destaques homenageia 12 personalidades que contribuíram com o desenvolvimento da Internet no país,29 MAI 2025,CGI.br Notícias,https://cgi.br/noticia/releases/premio-destaques-homenageia-12-personalidades-que-contribuiram-com-o-desenvolvimento-da-internet-no-pais/,CGI Notícias
"Com modelo multissetorial pioneiro e inovador, CGI.br completa 30 anos como pilar da governança da Internet no Brasil",28 MAI 2025,CGI.br Notícias,https://cgi.br/noticia/releases/com-modelo-multissetorial-pioneiro-e-inovador-cgi-br-completa-30-anos-como-pilar-da-governanca-da-internet-no-brasil/,CGI Notícias
CGI.br lança proposta de princípios para a regulação de redes sociais e abre consulta para receber contribuições da sociedade,27 MAI 2025,CGI.br Notícias,https://cgi.br/noticia/releases/cgi-br-lanca-proposta-de-principios-para-a-regulacao-de-redes-sociais-e-abre-consulta-para-receber-contribuicoes-da-sociedade/,CGI Notícias
Empresas integram medidor de qualidade da Internet desenvolvido pelo NIC.br  em seus produtos,23 MAI 2025,CGI.br Notícias,https://cgi.br/noticia/releases/empresas-integram-medidor-de-qualidade-da-internet-desenvolvido-pelo-nic-br-em-seus-produtos/,CGI Notícias
"Empresas contratam soluções de IA no setor privado, mas parcerias com universidades ainda são limitadas, revela pesquisa",13 MAI 2025,CGI.br Notícias,https://cgi.br/noticia/releases/empresas-contratam-solucoes-de-ia-no-setor-privado-mas-parcerias-com-universidades-ainda-sao-limitadas-revela-pesquisa/,CGI Notícias
Evento celebra 20 anos do Cetic.br e discute caminhos para um futuro digital mais inclusivo,12 MAI 2025,CGI.br Notícias,https://cgi.br/noticia/releases/evento-celebra-20-anos-do-cetic-br-e-discute-caminhos-para-um-futuro-digital-mais-inclusivo/,CGI Notícias
Associações de provedores fazem manifestação em defesa da Norma 4/1995 e independência do CGI.br,07 MAI 2025,CGI.br Notícias,https://cgi.br/noticia/notas/associacoes-de-provedores-fazem-manifestacao-em-defesa-da-norma-4-1995-e-independencia-do-cgi-br/,CGI Notícias
"IX.br atinge novo recorde, com 40 Tbit/s de tráfego agregado",29 ABR 2025,CGI.br Notícias,https://cgi.br/noticia/releases/ix-br-atinge-novo-recorde-com-40-tbit-s-de-trafego-agregado/,CGI Notícias
Ministra do MCTI visita instalações do NIC.br em São Paulo e conhece iniciativas da entidade para o desenvolvimento da Internet no Brasil,25 ABR 2025,CGI.br Notícias,https://cgi.br/noticia/notas/ministra-do-mcti-visita-instalacoes-do-nic-br-em-sao-paulo-e-conhece-iniciativas-da-entidade-para-o-desenvolvimento-da-internet-no-brasil/,CGI Notícias
Ministro-chefe do GSI participa de reunião de Câmara de Segurança do CGI.br,14 ABR 2025,CGI.br Notícias,https://cgi.br/noticia/notas/ministro-chefe-do-gsi-participa-de-reuniao-de-camara-de-seguranca-do-cgi-br/,CGI Notícias
"NIC.br e CGI.br, em parceria com instituição chinesa,  oferecem treinamento em computação quântica",09 ABR 2025,CGI.br Notícias,https://cgi.br/noticia/notas/nic-br-e-cgi-br-em-parceria-com-instituicao-chinesa-oferecem-treinamento-em-computacao-quantica/,CGI Notícias
Ministra Esther Dweck visita instalações do NIC.br na Avenida João Dias,01 ABR 2025,CGI.br Notícias,https://cgi.br/noticia/notas/ministra-esther-dweck-visita-instalacoes-do-nic-br-na-avenida-joao-dias/,CGI Notícias
NOTA de pesar pelo falecimento do Sr. Nigel Hickson,01 ABR 2025,CGI.br Notícias,https://cgi.br/noticia/notas/nota-de-pesar-pelo-falecimento-do-sr-nigel-hickson/,CGI Notícias
NOTE of condolence for the passing of Mr. Nigel Hickson,01 ABR 2025,CGI.br Notícias,https://cgi.br/noticia/notas/note-of-condolence-for-the-passing-of-mr-nigel-hickson/,CGI Notícias
Ceweb.br publica tradução para português de diretrizes de acessibilidade voltadas a conteúdos na Web,2025-03-26,CGI.br Notícias,https://cgi.br/noticia/releases/ceweb-br-publica-traducao-para-portugues-de-diretrizes-de-acessibilidade-voltadas-a-conteudos-na-web/,CGI Notícias
"Evento celebra uma década de atuação do Ceweb.br por uma Web aberta, universal e acessível",2025-03-25,CGI.br Notícias,https://cgi.br/noticia/releases/evento-celebra-uma-decada-de-atuacao-do-ceweb-br-por-uma-web-aberta-universal-e-acessivel/,CGI Notícias
CGI.br abre inscrições gratuitas para o 15º Fórum da Internet no Brasil,2025-03-21,CGI.br Notícias,https://cgi.br/noticia/releases/cgi-br-abre-inscricoes-gratuitas-para-o-15-forum-da-internet-no-brasil/,CGI Notícias
"Para celebrar 15 anos do SACI-Adm, NIC.br e CGI.br abrem chamada para publicação de artigos e ensaios",2025-03-18,CGI.br Notícias,https://cgi.br/noticia/releases/para-celebrar-15-anos-do-saci-adm-nic-br-e-cgi-br-abrem-chamada-para-publicacao-de-artigos-e-ensaios/,CGI Notícias
CGI.br elabora proposta de tipologia para diferenciar provedores de aplicações Internet,2025-03-17,CGI.br Notícias,https://cgi.br/noticia/releases/cgi-br-elabora-proposta-de-tipologia-para-diferenciar-provedores-de-aplicacoes-internet/,CGI Notícias
Evento do CGI.br debate responsabilidade de intermediários e regulação de plataformas digitais,2025-03-12,CGI.br Notícias,https://cgi.br/noticia/releases/evento-do-cgi-br-debate-responsabilidade-de-intermediarios-e-regulacao-de-plataformas-digitais/,CGI Notícias
"Desenvolvida com coordenação do Ceweb.br, nova norma da ABNT estabelece requisitos para melhorar a acessibilidade de sites",2025-03-11,CGI.br Notícias,https://cgi.br/noticia/releases/desenvolvida-com-coordenacao-do-ceweb-br-nova-norma-da-abnt-estabelece-requisitos-para-melhorar-a-acessibilidade-de-sites/,CGI Notícias
Evento do CGI.br discute desafios e oportunidades para conectividade sustentável na Amazônia,14 FEV 2025,CGI.br Notícias,https://cgi.br/noticia/releases/evento-do-cgi-br-discute-desafios-e-oportunidades-para-conectividade-sustentavel-na-amazonia/,CGI Notícias
Envie uma proposta de artigo para livro comemorativo de 15 anos do SACI-Adm,12 FEV 2025,CGI.br Notícias,https://cgi.br/noticia/notas/envie-uma-proposta-de-artigo-para-livro-comemorativo-de-15-anos-do-saci-adm/,CGI Notícias
Cetic.br publica dados inéditos sobre o uso de tecnologias digitais por crianças brasileiras de até 8 anos,11 FEV 2025,CGI.br Notícias,https://cgi.br/noticia/releases/cetic-br-publica-dados-ineditos-sobre-o-uso-de-tecnologias-digitais-por-criancas-brasileiras-de-ate-8-anos/,CGI Notícias
"Dia da Internet Segura 2025: evento discutirá segurança online, cidadania digital e ética na rede",07 FEV 2025,CGI.br Notícias,https://cgi.br/noticia/releases/dia-da-internet-segura-2025-evento-discutira-seguranca-online-cidadania-digital-e-etica-na-rede/,CGI Notícias
Ceptro.br anuncia agenda 2025 de cursos e eventos gratuitos para a comunidade técnica da Internet,05 FEV 2025,CGI.br Notícias,https://cgi.br/noticia/releases/ceptro-br-anuncia-agenda-2025-de-cursos-e-eventos-gratuitos-para-a-comunidade-tecnica-da-internet/,CGI Notícias
"Evento principal do Dia da Internet Segura no Brasil acontece em 11 e 12 deste mês, na capital paulista",05 FEV 2025,CGI.br Notícias,https://cgi.br/noticia/releases/evento-principal-do-dia-da-internet-segura-no-brasil-acontece-em-11-e-12-deste-mes-na-capital-paulista/,CGI Notícias
Nota de falecimento: Miriam Aquino,2025-01-07,CGI.br Notícias,https://cgi.br/noticia/notas/nota-de-falecimento-miriam-aquino/,CGI Notícias
IGF 2024: Acompanhe sessões organizadas ou com participação de representantes do CGI.br e NIC.br,13 DEZ 2024,CGI.br Notícias,https://cgi.br/noticia/notas/igf-2024-acompanhe-sessoes-organizadas-ou-com-participacao-de-membros-do-cgi-br-e-nic-br/,CGI Notícias
14ª Semana de Infraestrutura da Internet no Brasil debate transformações em tempos de IA e conectividade no mercado nacional,2024-11-27,CGI.br Notícias,https://cgi.br/noticia/releases/14-semana-de-infraestrutura-da-internet-no-brasil-debate-transformacoes-em-tempos-de-ia-e-conectividade-no-mercado-nacional/,CGI Notícias
Ceweb.br divulga lista com os 20 projetos selecionados na 2ª edição do “Mover-se na Web”,2024-11-22,CGI.br Notícias,https://cgi.br/noticia/releases/ceweb-br-divulga-lista-com-os-20-projetos-selecionados-na-2-edicao-do-mover-se-na-web/,CGI Notícias
CGI.br recebe inscrições para Youth Brasil 2025,2024-11-21,CGI.br Notícias,https://cgi.br/noticia/notas/cgi-br-recebe-inscricoes-para-youth-brasil-2025/,CGI Notícias
CGI.br e IDP inauguram a Cátedra Internacional Danilo Doneda,2024-11-13,CGI.br Notícias,https://cgi.br/noticia/releases/cgi-br-e-idp-inauguram-a-catedra-internacional-danilo-doneda/,CGI Notícias
"Provedor, participe de um dos mais importantes mapeamentos do mercado de provimento à Internet no Brasil",2024-11-13,CGI.br Notícias,https://cgi.br/noticia/notas/provedor-participe-de-um-dos-mais-importantes-mapeamentos-do-mercado-de-provimento-a-internet-no-brasil/,CGI Notícias
"Primeiro brasileiro em “cerimônia de assinatura de chaves”, diretor do NIC.br revela que experiência contribuiu com segurança do .br",2024-11-12,CGI.br Notícias,https://cgi.br/noticia/releases/primeiro-brasileiro-em-cerimonia-de-assinatura-de-chaves-diretor-do-nic-br-revela-que-experiencia-contribuiu-com-seguranca-do-br/,CGI Notícias
"Em duas décadas, proporção de lares urbanos brasileiros com Internet passou de 13% para 85%, aponta TIC Domicílios 2024",31 OUT 2024,CGI.br Notícias,https://cgi.br/noticia/releases/em-duas-decadas-proporcao-de-lares-urbanos-brasileiros-com-internet-passou-de-13-para-85-aponta-tic-domicilios-2024/,CGI Notícias
9º Simpósio de Crianças e Adolescentes na Internet debate IA na educação e uso de tecnologias pelo público infantojuvenil,23 OUT 2024,CGI.br Notícias,https://cgi.br/noticia/releases/9-simposio-de-criancas-e-adolescentes-na-internet-debate-ia-na-educacao-e-uso-de-tecnologias-pelo-publico-infantojuvenil/,CGI Notícias
"TIC Kids Online investiga, pela primeira vez, frequência do uso de plataformas digitais por crianças e adolescentes",23 OUT 2024,CGI.br Notícias,https://cgi.br/noticia/releases/tic-kids-online-investiga-pela-primeira-vez-frequencia-do-uso-de-plataformas-digitais-por-criancas-e-adolescentes/,CGI Notícias
NIC.br retoma diálogo com autoridades do Reino Unido sobre Programa de Cooperação em Acesso Digital,18 OUT 2024,CGI.br Notícias,https://cgi.br/noticia/notas/nic-br-retoma-dialogo-com-autoridades-do-reino-unido-sobre-programa-de-cooperacao-em-acesso-digital/,CGI Notícias
"Estabelecimentos de saúde brasileiros avançam na digitalização, mas habilidade em informática aplicada à área ainda é reduzida entre os profissionais do setor, revela pesquisa",11 OUT 2024,CGI.br Notícias,https://cgi.br/noticia/releases/estabelecimentos-de-saude-brasileiros-avancam-na-digitalizacao-mas-habilidade-em-informatica-aplicada-a-area-ainda-e-reduzida-entre-os-profissionais-do-setor-revela-pesquisa/,CGI Notícias
"Em evento do CGI.br e NIC.br, Mark Coeckelbergh destaca que IA pode minar confiança no regime democrático",11 OUT 2024,CGI.br Notícias,https://cgi.br/noticia/releases/em-evento-do-cgi-br-e-nic-br-mark-coeckelbergh-destaca-que-ia-pode-minar-confianca-no-regime-democratico/,CGI Notícias
Carta di Praia of the 2nd Lusophone Internet Governance Forum,10 OUT 2024,CGI.br Notícias,https://cgi.br/noticia/notas/carta-di-praia-of-the-2nd-lusophone-internet-governance-forum/,CGI Notícias
Carta di Praia del 2º Foro Lusófono de la Gobernanza de Internet,10 OUT 2024,CGI.br Notícias,https://cgi.br/noticia/notas/carta-di-praia-del-2-foro-lusofono-de-la-gobernanza-de-internet/,CGI Notícias
"CGI.br e NIC.br realizam encontro com Mark Coeckelbergh, autor do livro ""Ética na Inteligência Artificial""",02 OUT 2024,CGI.br Notícias,https://cgi.br/noticia/releases/cgi-br-e-nic-br-realizam-encontro-com-mark-coeckelbergh-autor-do-livro-etica-na-inteligencia-artificial/,CGI Notícias
Nota de falecimento: Mariana Stanton,29 SET 2024,CGI.br Notícias,https://cgi.br/noticia/notas/nota-de-falecimento-mariana-stanton/,CGI Notícias
CGI.br abre chamada para a publicação de textos em livro e revista,24 SET 2024,CGI.br Notícias,https://cgi.br/noticia/notas/cgi-br-abre-chamada-para-a-publicacao-de-textos-em-livro-e-revista/,CGI Notícias
Carta di Praia do 2º Fórum Lusófono de Governação da Internet,13 SET 2024,CGI.br Notícias,https://cgi.br/noticia/notas/carta-di-praia-do-2-forum-lusofono-de-governancao-da-internet/,CGI Notícias
Cetic.br lança publicação TIC Kids Online Brasil 2023,13 SET 2024,CGI.br Notícias,https://cgi.br/noticia/notas/cetic-br-lanca-publicacao-tic-kids-online-brasil-2023/,CGI Notícias
Conheça os temas prioritários que nortearão o trabalho do CGI.br até 2027,10 SET 2024,CGI.br Notícias,https://cgi.br/noticia/releases/conheca-os-temas-prioritarios-que-nortearao-o-trabalho-do-cgi-br-ate-2027/,CGI Notícias
"Pesquisa conclui que, mesmo com uso ainda incipiente, há otimismo em relação à IA no setor de saúde do Brasil",04 SET 2024,CGI.br Notícias,https://cgi.br/noticia/releases/pesquisa-conclui-que-mesmo-com-uso-ainda-incipiente-ha-otimismo-em-relacao-a-ia-no-setor-de-saude-do-brasil/,CGI Notícias
"Fornecimento de dados biométricos preocupa 60% dos usuários de Internet brasileiros, mostra pesquisa do Cetic.br",02 SET 2024,CGI.br Notícias,https://cgi.br/noticia/releases/fornecimento-de-dados-biometricos-preocupa-60-dos-usuarios-de-internet-brasileiros-mostra-pesquisa-do-cetic-br/,CGI Notícias
Escola de Governança da Internet no Brasil abre inscrições para 3ª edição de curso EaD gratuito,29 AGO 2024,CGI.br Notícias,https://cgi.br/noticia/releases/escola-de-governanca-da-internet-no-brasil-abre-inscricoes-para-3-edicao-de-curso-ead-e-gratuito/,CGI Notícias
Especialistas internacionais destacam os 20 anos da Parceria para Medição das TIC para o Desenvolvimento,29 AGO 2024,CGI.br Notícias,https://cgi.br/noticia/notas/especialistas-internacionais-destacam-os-20-anos-da-parceria-para-medicao-das-tic-para-o-desenvolvimento/,CGI Notícias
NIC.br abre chamada de trabalhos para o IX Fórum,29 AGO 2024,CGI.br Notícias,https://cgi.br/noticia/notas/nic-br-abre-chamada-de-trabalhos-para-o-ix-forum/,CGI Notícias
Fascículo Redes do CERT.br traz orientações de como manter segura a sua rede doméstica,27 AGO 2024,CGI.br Notícias,https://cgi.br/noticia/releases/fasciculo-redes-do-cert-br-traz-orientacoes-de-como-manter-segura-a-sua-rede-domestica/,CGI Notícias
Observatório Brasileiro de Inteligência Artificial realiza seminário aberto ao público,13 AGO 2024,CGI.br Notícias,https://cgi.br/noticia/releases/observatorio-brasileiro-de-inteligencia-artificial-realiza-seminario-aberto-ao-publico/,CGI Notícias
"Parceria entre NIC.br, IX CDE e BR Digital amplia integração entre redes do Brasil e Paraguai",08 AGO 2024,CGI.br Notícias,https://cgi.br/noticia/releases/parceria-entre-nic-br-ix-cde-e-br-digital-amplia-integracao-entre-redes-do-brasil-e-paraguai/,CGI Notícias
"Asociación entre NIC.br, IX CDE y BR Digital amplía la integración entre redes de Brasil y Paraguay",08 AGO 2024,CGI.br Notícias,https://cgi.br/noticia/releases/asociacion-entre-nic-br-ix-cde-y-br-digital-amplia-la-integracion-entre-redes-de-brasil-y-paraguay/,CGI Notícias
"Maioria das escolas do País possui regras para uso de celular pelos alunos, revela TIC Educação 2023",06 AGO 2024,CGI.br Notícias,https://cgi.br/noticia/releases/maioria-das-escolas-do-pais-possui-regras-para-uso-de-celular-pelos-alunos-revela-tic-educacao-2023/,CGI Notícias
Representantes dos Estados-membros da CPLP assinam Carta de Direitos e Princípios em Ambientes Digitais,2024-07-30,CGI.br Notícias,https://cgi.br/noticia/notas/representantes-dos-estados-membros-da-cplp-assinam-carta-de-direitos-e-principios-em-ambientes-digitais/,CGI Notícias
15º Seminário de Proteção à Privacidade e aos Dados Pessoais abre inscrições gratuitas,2024-07-23,CGI.br Notícias,https://cgi.br/noticia/releases/15-seminario-de-protecao-a-privacidade-e-aos-dados-pessoais-abre-inscricoes-gratuitas/,CGI Notícias
IX.br celebrates 20 years with a prominent role in improving the Internet in Brazil,2024-07-19,CGI.br Notícias,https://cgi.br/noticia/releases/ix-br-celebrates-20-years-with-a-prominent-role-in-improving-the-internet-in-brazil/,CGI Notícias
IX.br cumple 20 años con un papel destacado en la mejora de Internet en Brasil,2024-07-19,CGI.br Notícias,https://cgi.br/noticia/releases/ix-br-cumple-20-anos-con-un-papel-destacado-en-la-mejora-de-internet-en-brasil/,CGI Notícias
"Fascículo Boatos, do CERT.br, traz dicas de como identificar e combater conteúdos falsos",2024-07-17,CGI.br Notícias,https://cgi.br/noticia/releases/fasciculo-boatos-do-cert-br-traz-dicas-de-como-identificar-e-combater-conteudos-falsos/,CGI Notícias
IX.br completa 20 anos com papel de destaque no aprimoramento da Internet no país,2024-07-03,CGI.br Notícias,https://cgi.br/noticia/releases/ix-br-completa-20-anos-com-papel-de-destaque-no-aprimoramento-da-internet-no-pais/,CGI Notícias
Seminário amplia debate sobre soberania digital e uso de plataformas na educação,2024-06-24,CGI.br Notícias,https://cgi.br/noticia/releases/seminario-amplia-debate-sobre-soberania-digital-e-uso-de-plataformas-na-educacao/,CGI Notícias
Remuneração do Jornalismo pelas Plataformas Digitais é tema de seminário promovido pelo CGI.br,2024-06-21,CGI.br Notícias,https://cgi.br/noticia/releases/remuneracao-do-jornalismo-pelas-plataformas-digitais-e-tema-de-seminario-promovido-pelo-cgi-br/,CGI Notícias
Sessão solene dos 35 anos do “.br” é homenagem à história da Internet no Brasil,2024-06-20,CGI.br Notícias,https://cgi.br/noticia/releases/sessao-solene-dos-35-anos-do-br-e-homenagem-a-historia-da-internet-no-brasil/,CGI Notícias
35 anos do “.br” ganham homenagem na Câmara dos Deputados,2024-06-17,CGI.br Notícias,https://cgi.br/noticia/notas/35-anos-do-br-ganham-homenagem-na-camara-dos-deputados/,CGI Notícias
TIC Governo Eletrônico 2023 mostra que 91% das prefeituras disponibilizam ao menos um serviço online aos cidadãos,2024-06-17,CGI.br Notícias,https://cgi.br/noticia/releases/tic-governo-eletronico-2023-mostra-que-91-das-prefeituras-disponibilizam-ao-menos-um-servico-online-aos-cidadaos/,CGI Notícias
"Cristine Hoepers é nomeada para o Hall da Fama de Resposta a Incidentes, do FIRST",2024-06-10,CGI.br Notícias,https://cgi.br/noticia/releases/cristine-hoepers-e-nomeada-para-o-hall-da-fama-de-resposta-a-incidentes-do-first/,CGI Notícias
"Oferta de serviços online aos pacientes avança nos estabelecimentos de saúde brasileiros, aponta pesquisa TIC Saúde 2023",2024-06-05,CGI.br Notícias,https://cgi.br/noticia/releases/oferta-de-servicos-online-aos-pacientes-avanca-nos-estabelecimentos-de-saude-brasileiros-aponta-pesquisa-tic-saude-2023/,CGI Notícias
"Uso mais planejado, estratégico e regulado da IA no Brasil é consenso na última sessão principal do FIB14",27 MAI 2024,CGI.br Notícias,https://cgi.br/noticia/releases/uso-mais-planejado-estrategico-e-regulado-da-ia-no-brasil-e-consenso-na-ultima-sessao-principal-do-fib14/,CGI Notícias
Sessão principal do FIB14 amplia diálogo sobre desafios globais da governança digital,24 MAI 2024,CGI.br Notícias,https://cgi.br/noticia/releases/sessao-principal-do-fib14-amplia-dialogo-sobre-desafios-globais-da-governanca-digital/,CGI Notícias
Sessão principal do FIB14 discute outros futuros para a Internet no contexto da tecnodiversidade e do colonialismo digital,23 MAI 2024,CGI.br Notícias,https://cgi.br/noticia/releases/sessao-principal-do-fib14-discute-outros-futuros-para-a-internet-no-contexto-da-tecnodiversidade-e-do-colonialismo-digital/,CGI Notícias
Levantamento sobre qualidade da Internet em escolas públicas aponta desafios para atingir nova meta de conectividade do MEC,23 MAI 2024,CGI.br Notícias,https://cgi.br/noticia/releases/levantamento-sobre-qualidade-da-internet-em-escolas-publicas-aponta-desafios-para-atingir-nova-meta-de-conectividade-do-mec/,CGI Notícias
Abertura do 14º Fórum da Internet no Brasil ressalta a necessidade do combate à desinformação no país,22 MAI 2024,CGI.br Notícias,https://cgi.br/noticia/releases/abertura-do-14-forum-da-internet-no-brasil-ressalta-a-necessidade-do-combate-a-desinformacao-no-pais/,CGI Notícias
"No FIB 14, CGI.br lança 4ª Coletânea TIC, Governança da Internet, Gênero, Raça e Diversidade",22 MAI 2024,CGI.br Notícias,https://cgi.br/noticia/releases/no-fib-14-cgi-br-lanca-4-coletanea-tic-governanca-da-internet-genero-raca-e-diversidade/,CGI Notícias
CGI.br doa R$ 250 mil para socorrer vítimas das enchentes no Rio Grande do Sul,17 MAI 2024,CGI.br Notícias,https://cgi.br/noticia/releases/cgi-br-doa-r-250-mil-para-socorrer-vitimas-das-enchentes-no-rio-grande-do-sul/,CGI Notícias
"Após crescimento provocado pela pandemia, pequenos negócios no país ainda têm presença online limitada, revela TIC Empresas 2023",14 MAI 2024,CGI.br Notícias,https://cgi.br/noticia/releases/apos-crescimento-provocado-pela-pandemia-pequenos-negocios-no-pais-ainda-tem-presenca-online-limitada-revela-tic-empresas-2023/,CGI Notícias
Declaração final do NETmundial+10 apresenta recomendações para fortalecer a abordagem multissetorial,30 ABR 2024,CGI.br Notícias,https://cgi.br/noticia/releases/declaracao-final-do-netmundial-10-apresenta-recomendacoes-para-fortalecer-a-abordagem-multissetorial/,CGI Notícias
"Ministra da Ciência, Tecnologia e Inovação reforça defesa do multissetorialismo na governança do mundo digital",29 ABR 2024,CGI.br Notícias,https://cgi.br/noticia/releases/ministra-da-ciencia-tecnologia-e-inovacao-reforca-defesa-do-multissetorialismo-na-governanca-do-mundo-digital/,CGI Notícias
"NETmundial+10 publica versão preliminar do documento final, que será discutido no evento com participantes de mais de 60 países",26 ABR 2024,CGI.br Notícias,https://cgi.br/noticia/releases/netmundial-10-publica-versao-preliminar-do-documento-final-que-sera-discutido-no-evento-com-participantes-de-mais-de-60-paises/,CGI Notícias
"NETmundial+10 publishes the outcome document preliminary version, which will be discussed at the event with participants from more than 60 countries",26 ABR 2024,CGI.br Notícias,https://cgi.br/noticia/releases/netmundial-10-publishes-the-outcome-document-preliminary-version-which-will-be-discussed-at-the-event-with-participants-from-more-than-60-countries/,CGI Notícias
"Em novo fascículo, CERT.br apresenta dicas para  proteger computadores",24 ABR 2024,CGI.br Notícias,https://cgi.br/noticia/releases/em-novo-fasciculo-cert-br-apresenta-dicas-para-proteger-computadores/,CGI Notícias
NETmundial+10 brings together experts from several countries to debate the governance of the digital world,23 ABR 2024,CGI.br Notícias,https://cgi.br/noticia/notas/netmundial-10-brings-together-experts-from-several-countries-to-debate-the-governance-of-the-digital-world/,CGI Notícias
"NETmundial+10 encerra na terça, dia 23, inscrições para participação remota",19 ABR 2024,CGI.br Notícias,https://cgi.br/noticia/notas/netmundial-10-encerra-na-terca-dia-23-inscricoes-para-participacao-remota/,CGI Notícias
Last call: Registrations for remote participation closes on April 23rd,19 ABR 2024,CGI.br Notícias,https://cgi.br/noticia/notas/last-call-registrations-for-remote-participation-closes-on-april-23rd/,CGI Notícias
NETmundial+10 reúne representantes de vários países para debater governança do mundo digital,18 ABR 2024,CGI.br Notícias,https://cgi.br/noticia/notas/netmundial-10-reune-representantes-de-varios-paises-para-debater-governanca-do-mundo-digital/,CGI Notícias
"NIC.br celebra 35 anos do .br, um dos domínios mais populares do mundo",17 ABR 2024,CGI.br Notícias,https://cgi.br/noticia/releases/nic-br-celebra-35-anos-do-br-um-dos-dominios-mais-populares-do-mundo/,CGI Notícias
"Perto da universalização do acesso à Internet, Brasil ainda tem maioria da população com baixa conectividade significativa, revela novo estudo",15 ABR 2024,CGI.br Notícias,https://cgi.br/noticia/releases/perto-da-universalizacao-do-acesso-a-internet-brasil-ainda-tem-maioria-da-populacao-com-baixa-conectividade-significativa-revela-novo-estudo/,CGI Notícias
CGI.br reúne especialistas para debater conectividade significativa no Brasil e lança estudo inédito sobre o tema,12 ABR 2024,CGI.br Notícias,https://cgi.br/noticia/releases/cgi-br-reune-especialistas-para-debater-conectividade-significativa-no-brasil-e-lanca-estudo-inedito-sobre-o-tema/,CGI Notícias
NETmundial+10 announces program and opens online consultation on the governance of the digital world,2024-03-26,CGI.br Notícias,https://cgi.br/noticia/releases/netmundial-10-announces-program-and-opens-online-consultation-on-the-governance-of-the-digital-world/,CGI Notícias
NETmundial+10 divulga programação e abre consulta online sobre os principais temas da governança do mundo digital,2024-03-26,CGI.br Notícias,https://cgi.br/noticia/releases/netmundial-10-divulga-programacao-e-abre-consulta-online-sobre-os-principais-temas-da-governanca-do-mundo-digital/,CGI Notícias
CGI.br abre inscrições para o 14º Fórum da Internet no Brasil,2024-03-26,CGI.br Notícias,https://cgi.br/noticia/releases/cgi-br-abre-inscricoes-para-o-14-forum-da-internet-no-brasil/,CGI Notícias
NIC.br realiza webinário gratuito com orientações sobre como elaborar projetos para chamada pública “Mover-se na Web”,2024-03-20,CGI.br Notícias,https://cgi.br/noticia/releases/nic-br-realiza-webinario-gratuito-com-orientacoes-sobre-como-elaborar-projetos-para-chamada-publica-mover-se-na-web/,CGI Notícias
NETmundial+10: registro de intenção para participar do evento é prorrogado até 22 de março,2024-03-18,CGI.br Notícias,https://cgi.br/noticia/releases/netmundial-10-registro-de-intencao-para-participar-do-evento-e-prorrogado-ate-22-de-marco/,CGI Notícias
NETmundial+10: Expression of Interest to participate in the event extended until March 22nd,2024-03-18,CGI.br Notícias,https://cgi.br/noticia/releases/netmundial-10-expression-of-interest-to-participate-in-the-event-extended-until-march-22nd/,CGI Notícias
Escola de Governança da Internet no Brasil recebe inscrições para 9ª turma de curso intensivo,2024-03-18,CGI.br Notícias,https://cgi.br/noticia/releases/escola-de-governanca-da-internet-no-brasil-abre-inscricoes-para-9-turma-de-curso-intensivo/,CGI Notícias
NETmundial+10: expression of interest to participate in the event runs until March 18th,2024-03-07,CGI.br Notícias,https://cgi.br/noticia/releases/netmundial-10-expression-of-interest-to-participate-in-the-event-runs-until-march-18th/,CGI Notícias
NETmundial+10: registro de intenção para participar do evento vai até 18 de março,2024-03-06,CGI.br Notícias,https://cgi.br/noticia/releases/netmundial-10-registro-de-intencao-para-participar-do-evento-vai-ate-18-de-marco/,CGI Notícias
"Em nova edição do “Mover-se na Web”, CGI.br investirá R$ 5 milhões em projetos com tecnologias abertas para a solução de problemas sociais",2024-03-01,CGI.br Notícias,https://cgi.br/noticia/releases/em-nova-edicao-do-mover-se-na-web-o-cgi-br-investira-r-5-milhoes-em-projetos-com-tecnologias-abertas-para-a-solucao-de-problemas-sociais/,CGI Notícias
NETmundial+10: nova edição de encontro global está confirmada para abril,08 FEV 2024,CGI.br Notícias,https://cgi.br/noticia/notas/netmundial-10-nova-edicao-de-encontro-global-esta-confirmada-para-abril/,CGI Notícias
"Dia da Internet Segura 2024: evento debaterá proteção à infância em tempos de IA, enfrentamento à violência sexual online e uso excessivo de telas por crianças e adolescentes",02 FEV 2024,CGI.br Notícias,https://cgi.br/noticia/releases/dia-da-internet-segura-2024-evento-debatera-protecao-a-infancia-em-tempos-de-ia-enfrentamento-a-violencia-sexual-online-e-uso-excessivo-de-telas-por-criancas-e-adolescentes/,CGI Notícias
"Em comemoração ao Dia Internacional da Proteção de Dados, CERT.br lança novas publicações sobre o tema",2024-01-23,CGI.br Notícias,https://cgi.br/noticia/releases/em-comemoracao-ao-dia-internacional-da-protecao-de-dados-cert-br-lanca-novas-publicacoes-sobre-o-tema/,CGI Notícias
Conheça os 11 representantes da sociedade civil eleitos para o CGI.br,15 DEZ 2023,CGI.br Notícias,https://cgi.br/noticia/releases/conheca-os-11-representantes-da-sociedade-civil-eleitos-para-o-cgi-br/,CGI Notícias
Regulação de plataformas digitais: relatório do CGI.br mapeia consensos e dissensos entre setores,13 DEZ 2023,CGI.br Notícias,https://cgi.br/noticia/releases/regulacao-de-plataformas-digitais-relatorio-do-cgi-br-mapeia-consensos-e-dissensos-entre-setores/,CGI Notícias
Pesquisa do CGI.br aponta consolidação do mercado de provedores de Internet no país,06 DEZ 2023,CGI.br Notícias,https://cgi.br/noticia/releases/pesquisa-do-cgi-br-aponta-consolidacao-do-mercado-de-provedores-de-internet-no-pais/,CGI Notícias
"Em nova publicação, Ceweb.br torna mais fácil a avaliação de acessibilidade em sites e aplicativos",01 DEZ 2023,CGI.br Notícias,https://cgi.br/noticia/releases/em-nova-publicacao-ceweb-br-torna-mais-facil-a-avaliacao-de-acessibilidade-em-sites-e-aplicativos/,CGI Notícias
Mais de 30 especialistas participarão de debates sobre a infraestrutura da Internet durante o IX Fórum 17,2023-11-30,CGI.br Notícias,https://cgi.br/noticia/releases/mais-de-30-especialistas-participarao-de-debates-sobre-a-infraestrutura-da-internet-durante-o-ix-forum-17/,CGI Notícias
"No terceiro estudo sobre plataformização da educação, CGI.br discute a importância do fortalecimento da soberania digital",2023-11-29,CGI.br Notícias,https://cgi.br/noticia/releases/no-terceiro-estudo-sobre-plataformizacao-da-educacao-cgi-br-discute-a-importancia-do-fortalecimento-da-soberania-digital/,CGI Notícias
NETmundial+10 – Desafios Globais para a governança do mundo digital,2023-11-23,CGI.br Notícias,https://cgi.br/noticia/notas/netmundial-10-desafios-globais-para-a-governanca-do-mundo-digital/,CGI Notícias
NETmundial+10 – Global challenges for the governance of the digital world,2023-11-23,CGI.br Notícias,https://cgi.br/noticia/notas/netmundial-10-global-challenges-for-the-governance-of-the-digital-world/,CGI Notícias
NIC.br recebe inscrições gratuitas para a 13ª Semana de Infraestrutura da Internet no Brasil,2023-11-23,CGI.br Notícias,https://cgi.br/noticia/releases/nic-br-recebe-inscricoes-gratuitas-para-a-13-semana-de-infraestrutura-da-internet-no-brasil/,CGI Notícias
"Classes C e DE impulsionam crescimento da conectividade à Internet nos lares brasileiros, mostra TIC Domicílios 2023",2023-11-16,CGI.br Notícias,https://cgi.br/noticia/releases/classes-c-e-de-impulsionam-crescimento-da-conectividade-a-internet-nos-lares-brasileiros-mostra-tic-domicilios-2023/,CGI Notícias
"CGI.br lança Agenda de Gênero, Raça e Diversidade para estimular Internet mais inclusiva no Brasil",2023-11-09,CGI.br Notícias,https://cgi.br/noticia/releases/cgi-br-lanca-agenda-de-genero-raca-e-diversidade-para-estimular-internet-mais-inclusiva-no-brasil/,CGI Notícias
Vai comprar na Black Friday? Não deixe de ler as dicas de segurança que o CERT.br preparou para você,2023-11-07,CGI.br Notícias,https://cgi.br/noticia/releases/vai-comprar-na-black-friday-nao-deixe-de-ler-as-dicas-de-seguranca-que-o-cert-br-preparou-para-voce/,CGI Notícias
Ceweb.br lança plataforma que reúne casos de uso de dados abertos,2023-11-06,CGI.br Notícias,https://cgi.br/noticia/releases/ceweb-br-lanca-plataforma-que-reune-casos-de-uso-de-dados-abertos/,CGI Notícias
TIC Kids Online Brasil 2023: Crianças estão se conectando à Internet mais cedo no país,24 OUT 2023,CGI.br Notícias,https://cgi.br/noticia/releases/tic-kids-online-brasil-2023-criancas-estao-se-conectando-a-internet-mais-cedo-no-pais/,CGI Notícias
"8º Simpósio Crianças e Adolescentes na Internet discutirá a necessidade de estimular um ambiente digital seguro, ético e responsável",24 OUT 2023,CGI.br Notícias,https://cgi.br/noticia/releases/8-simposio-criancas-e-adolescentes-na-internet-discutira-a-necessidade-de-estimular-um-ambiente-digital-seguro-etico-e-responsavel/,CGI Notícias
Nota de falecimento: Luiz Gonzaga Lauschner,29 SET 2023,CGI.br Notícias,https://cgi.br/noticia/notas/nota-de-falecimento-luiz-gonzaga-lauschner/,CGI Notícias
Hartmut Glaser e Ivan Moura Campos entram para o Hall da Fama da Internet,26 SET 2023,CGI.br Notícias,https://cgi.br/noticia/releases/hartmut-glaser-e-ivan-moura-campos-entram-para-o-hall-da-fama-da-internet/,CGI Notícias
"Conectividade nas escolas brasileiras aumenta após a pandemia, mas faltam dispositivos para acesso à Internet pelos alunos, revela TIC Educação 2022",25 SET 2023,CGI.br Notícias,https://cgi.br/noticia/releases/conectividade-nas-escolas-brasileiras-aumenta-apos-a-pandemia-mas-faltam-dispositivos-para-acesso-a-internet-pelos-alunos-revela-tic-educacao-2022/,CGI Notícias
1º Fórum Lusófono da Governança da Internet debateu múltiplas interações da língua portuguesa na rede,20 SET 2023,CGI.br Notícias,https://cgi.br/noticia/notas/1-forum-lusofono-da-governanca-da-internet-debateu-multiplas-interacoes-da-lingua-portuguesa-na-rede/,CGI Notícias
NIC.br lança guia de acessibilidade digital em iniciativa conjunta com governo brasileiro e embaixada britânica,20 SET 2023,CGI.br Notícias,https://cgi.br/noticia/releases/nic-br-lanca-guia-de-acessibilidade-digital-em-iniciativa-conjunta-com-governo-brasileiro-e-embaixada-britanica/,CGI Notícias
Carta de São Paulo do Fórum Lusófono de Governança da Internet,19 SET 2023,CGI.br Notícias,https://cgi.br/noticia/notas/carta-de-sao-paulo-do-forum-lusofono-de-governanca-da-internet/,CGI Notícias
Nota de falecimento: Regina Helena Bastos Cabral,18 SET 2023,CGI.br Notícias,https://cgi.br/noticia/notas/nota-de-falecimento-regina-helena-bastos-cabral/,CGI Notícias
"Em conjunto com organizações internacionais, CGI.br e NIC.br realizam 1º Fórum Lusófono de Governança da Internet",15 SET 2023,CGI.br Notícias,https://cgi.br/noticia/releases/em-conjunto-com-organizacoes-internacionais-cgi-br-e-nic-br-realizam-1-forum-lusofono-de-governanca-da-internet/,CGI Notícias
"NIC.br promove debate sobre tecnologia, políticas públicas e enfrentamento às desigualdades digitais",11 SET 2023,CGI.br Notícias,https://cgi.br/noticia/notas/nic-br-promove-debate-sobre-tecnologia-politicas-publicas-e-enfrentamento-as-desigualdades-digitais/,CGI Notícias
Recursos do registro de domínios ‘.br’ viabiliza criação de quatro novos Centros de Pesquisa em Inteligência Artificial no país,04 SET 2023,CGI.br Notícias,https://cgi.br/noticia/releases/recursos-do-registro-de-dominios-br-viabiliza-criacao-de-quatro-novos-centros-de-pesquisa-em-inteligencia-artificial-no-pais/,CGI Notícias
CGI.br e NIC.br promovem bate-papo aberto ao público com o renomado pesquisador Evgeny Morozov,24 AGO 2023,CGI.br Notícias,https://cgi.br/noticia/releases/cgi-br-e-nic-br-promovem-bate-papo-aberto-ao-publico-com-o-renomado-pesquisador-evgeny-morozov/,CGI Notícias
Série Cadernos CGI.br lança publicação sobre o Seminário de Proteção à Privacidade e aos Dados Pessoais,17 AGO 2023,CGI.br Notícias,https://cgi.br/noticia/releases/serie-cadernos-cgi-br-lanca-publicacao-sobre-o-seminario-de-protecao-a-privacidade-e-aos-dados-pessoais/,CGI Notícias
NIC.br lançapodcastsobre direitos digitais na Internet,16 AGO 2023,CGI.br Notícias,https://cgi.br/noticia/releases/nic-br-lanca-i-podcast-i-sobre-direitos-digitais-na-internet/,CGI Notícias
CERT.br dá dicas de como proteger a privacidade no ambienteonlinee evitar que dados sejam coletados de forma abusiva,14 AGO 2023,CGI.br Notícias,https://cgi.br/noticia/releases/cert-br-da-dicas-de-como-proteger-a-privacidade-no-ambiente-online-e-evitar-que-dados-sejam-coletados-de-forma-abusiva/,CGI Notícias
Quer fazer parte da programação do 14º Fórum da Internet no Brasil? Saiba como enviar propostas de workshops,09 AGO 2023,CGI.br Notícias,https://cgi.br/noticia/releases/quer-fazer-parte-da-programacao-do-14-forum-da-internet-no-brasil-saiba-como-enviar-propostas-de-workshops/,CGI Notícias
14º Seminário de Proteção à Privacidade e aos Dados Pessoais começa na próxima terça-feira (15); confira a programação,08 AGO 2023,CGI.br Notícias,https://cgi.br/noticia/releases/14-seminario-de-protecao-a-privacidade-e-aos-dados-pessoais-comeca-na-proxima-terca-feira-15-confira-a-programacao/,CGI Notícias
"Realizado pelo CERT.br, 11º Fórum Brasileiro de CSIRTs reúne público 54% superior ao da edição anterior",07 AGO 2023,CGI.br Notícias,https://cgi.br/noticia/notas/realizado-pelo-cert-br-11-forum-brasileiro-de-csirts-reune-publico-54-superior-ao-da-edicao-anterior/,CGI Notícias
"Consulta do CGI.br sobre regulação de plataformas digitais reúne mais de 1,3 mil contribuições",03 AGO 2023,CGI.br Notícias,https://cgi.br/noticia/releases/consulta-do-cgi-br-sobre-regulacao-de-plataformas-digitais-reune-mais-de-1-3-mil-contribuicoes/,CGI Notícias
Eleições do CGI.br 2023: entidade interessada em participar com voto e indicação de candidato tem até 22 de agosto para se inscrever,2023-07-27,CGI.br Notícias,https://cgi.br/noticia/releases/eleicoes-do-cgi-br-2023-entidade-interessada-em-participar-com-voto-e-indicacao-de-candidato-tem-ate-22-de-agosto-para-se-inscrever/,CGI Notícias
CERT.br explica os principais tipos de códigos maliciosos e ensina como proteger dispositivos de ataques,2023-07-20,CGI.br Notícias,https://cgi.br/noticia/releases/cert-br-explica-os-principais-tipos-de-codigos-maliciosos-e-ensina-como-proteger-dispositivos-de-ataques/,CGI Notícias
Inscrições abertas para o 14º Seminário de Proteção à Privacidade e aos Dados Pessoais,2023-07-14,CGI.br Notícias,https://cgi.br/noticia/releases/inscricoes-abertas-para-o-14-seminario-de-protecao-a-privacidade-e-aos-dados-pessoais/,CGI Notícias
"Em nova marca recorde, IX.br ultrapassa os 31 Tbit/s de pico de troca de tráfego Internet",2023-07-13,CGI.br Notícias,https://cgi.br/noticia/releases/em-nova-marca-recorde-ix-br-ultrapassa-os-31-tbit-s-de-pico-de-troca-de-trafego-internet/,CGI Notícias
CGI.br anuncia chamada ao processo eleitoral da sociedade civil,2023-07-03,CGI.br Notícias,https://cgi.br/noticia/releases/cgi-br-anuncia-chamada-ao-processo-eleitoral-da-sociedade-civil/,CGI Notícias
"Em novo fascículo, CERT.br explica cuidados para trabalhar remotamente de forma segura",2023-06-29,CGI.br Notícias,https://cgi.br/noticia/releases/em-novo-fasciculo-cert-br-explica-cuidados-para-trabalhar-remotamente-de-forma-segura/,CGI Notícias
"Equipamentos culturais ampliam sua presença online, mas oferta de Internet para o público é ainda reduzida",2023-06-26,CGI.br Notícias,https://cgi.br/noticia/releases/equipamentos-culturais-ampliam-sua-presenca-online-mas-oferta-de-internet-para-o-publico-e-ainda-reduzida/,CGI Notícias
CGI.br prorroga prazo da Consulta sobre Regulação de Plataformas Digitais,2023-06-20,CGI.br Notícias,https://cgi.br/noticia/releases/cgi-br-prorroga-prazo-da-consulta-sobre-regulacao-de-plataformas-digitais/,CGI Notícias
"No último dia do FIB13, especialistas discutem soberania digital e os caminhos para a construção de uma agenda nacional sobre o tema",2023-06-02,CGI.br Notícias,https://cgi.br/noticia/releases/no-ultimo-dia-do-fib13-especialistas-discutem-soberania-digital-e-os-caminhos-para-a-construcao-de-uma-agenda-nacional-sobre-o-tema/,CGI Notícias
Prêmio DESTAQUES homenageia pessoas e organizações que contribuíram com o desenvolvimento da Internet no Brasil,2023-06-01,CGI.br Notícias,https://cgi.br/noticia/releases/premio-destaques-homenageia-pessoas-e-organizacoes-que-contribuiram-com-o-desenvolvimento-da-internet-no-brasil/,CGI Notícias
FIB13 traz debate sobre riscos e desafios relacionados à regulação de plataformas digitais no país,2023-06-01,CGI.br Notícias,https://cgi.br/noticia/releases/fib13-traz-debate-sobre-riscos-e-desafios-relacionados-a-regulacao-de-plataformas-digitais-no-pais/,CGI Notícias
"No FIB13, especialistas apontam expectativas e preocupações em relação ao Pacto Digital Global, da ONU",31 MAI 2023,CGI.br Notícias,https://cgi.br/noticia/releases/no-fib-13-especialistas-apontam-expectativas-e-preocupacoes-em-relacao-ao-pacto-digital-global-da-onu/,CGI Notícias
Abertas as inscrições para o 13º Fórum da Internet no Brasil,30 MAI 2023,CGI.br Notícias,https://cgi.br/noticia/releases/abertas-as-inscricoes-para-o-13-forum-da-internet-no-brasil/,CGI Notícias
CERT.br reforça em novo fascículo a importância dobackup,22 MAI 2023,CGI.br Notícias,https://cgi.br/noticia/releases/cert-br-reforca-em-novo-fasciculo-a-importancia-do-backup/,CGI Notícias
"92 milhões de brasileiros acessam a Internet apenas pelo telefone celular, aponta TIC Domicílios 2022",16 MAI 2023,CGI.br Notícias,https://cgi.br/noticia/releases/92-milhoes-de-brasileiros-acessam-a-internet-apenas-pelo-telefone-celular-aponta-tic-domicilios-2022/,CGI Notícias
Ceweb.br promove seminário para debater uso de inteligência artificial generativa e seus impactos na Web no Brasil,11 MAI 2023,CGI.br Notícias,https://cgi.br/noticia/releases/ceweb-br-promove-seminario-para-debater-uso-de-inteligencia-artificial-generativa-e-seus-impactos-na-web-no-brasil/,CGI Notícias
GT-Fórum organiza Oficina para debater melhorias do FIB,09 MAI 2023,CGI.br Notícias,https://cgi.br/noticia/notas/gt-forum-organiza-oficina-para-debater-melhorias-do-fib/,CGI Notícias
TIC Kids Online Brasil: qualidade da conexão e dos dispositivos afetam a participação de crianças e adolescentes na Internet,03 MAI 2023,CGI.br Notícias,https://cgi.br/noticia/releases/tic-kids-online-brasil-qualidade-da-conexao-e-dos-dispositivos-afetam-a-participacao-de-criancas-e-adolescentes-na-internet/,CGI Notícias
Consulta lançada pelo CGI.br propõe olhar abrangente sobre o papel das plataformas digitais,26 ABR 2023,CGI.br Notícias,https://cgi.br/noticia/releases/consulta-lancada-pelo-cgi-br-propoe-olhar-abrangente-sobre-o-papel-das-plataformas-digitais/,CGI Notícias
Novo material do CERT.br reúne dicas para usar serviços bancários online com mais segurança e evitar fraudes,17 ABR 2023,CGI.br Notícias,https://cgi.br/noticia/releases/novo-material-do-cert-br-reune-dicas-para-usar-servicos-bancarios-online-com-mais-seguranca-e-evitar-fraudes/,CGI Notícias
"Cresce uso de Internet no terceiro setor, mas a falta de acesso ainda atinge 18% das organizações sem fins lucrativos no Brasil, revela pesquisa do Cetic.br",13 ABR 2023,CGI.br Notícias,https://cgi.br/noticia/releases/cresce-uso-de-internet-no-terceiro-setor-mas-a-falta-de-acesso-ainda-atinge-18-das-organizacoes-sem-fins-lucrativos-no-brasil-revela-pesquisa-do-cetic-br/,CGI Notícias
CGI.br promove seminário para lançamento de consulta pública sobre regulação de plataformas digitais no país,04 ABR 2023,CGI.br Notícias,https://cgi.br/noticia/releases/cgi-br-promove-seminario-para-lancamento-de-consulta-publica-sobre-regulacao-de-plataformas-digitais-no-pais/,CGI Notícias
Renata Mielli é a nova coordenadora do CGI.br,2023-03-31,CGI.br Notícias,https://cgi.br/noticia/releases/renata-mielli-e-a-nova-coordenadora-do-cgi-br/,CGI Notícias
Abertas as inscrições para a 8ª turma do Curso Intensivo da Escola de Governança da Internet no Brasil,2023-03-16,CGI.br Notícias,https://cgi.br/noticia/releases/abertas-as-inscricoes-para-a-8-turma-do-curso-intensivo-da-escola-de-governanca-da-internet-no-brasil/,CGI Notícias
CGI.br divulga lista de workshops selecionados para o 13º Fórum da Internet no Brasil,2023-03-07,CGI.br Notícias,https://cgi.br/noticia/releases/cgi-br-divulga-lista-de-workshops-selecionados-para-o-13-forum-da-internet-no-brasil/,CGI Notícias
"Nota de falecimento: Raimundo Beca, personalidade do ecossistema internacional da Internet",28 FEV 2023,CGI.br Notícias,https://cgi.br/noticia/notas/nota-de-falecimento-raimundo-beca-personalidade-do-ecossistema-internacional-da-internet/,CGI Notícias
Dia da Internet Segura - veja as orientações do CERT.br para usar as redes sociais com segurança,07 FEV 2023,CGI.br Notícias,https://cgi.br/noticia/releases/dia-da-internet-segura-veja-as-orientacoes-do-cert-br-para-usar-as-redes-sociais-com-seguranca/,CGI Notícias
Dia da Internet Segura 2023 discute desafios e caminhos para a cidadania e segurança digital,02 FEV 2023,CGI.br Notícias,https://cgi.br/noticia/releases/dia-da-internet-segura-2023-discute-desafios-e-caminhos-para-a-cidadania-e-seguranca-digital/,CGI Notícias
Relatório de oficina realizada pelo CGI.br reúne ações e diretrizes para regulação de plataformas digitais no Brasil,01 FEV 2023,CGI.br Notícias,https://cgi.br/noticia/releases/relatorio-de-oficina-realizada-pelo-cgi-br-reune-acoes-e-diretrizes-para-regulacao-de-plataformas-digitais-no-brasil/,CGI Notícias
Política de Privacidade do WhatsApp,04 de agosto de 2025,CGI.br Reuniões,https://www.cgi.br/reunioes/extraordinarias/,CGI Reuniões
Política de Privacidade do WhatsApp,13 de setembro de 2021,CGI.br Reuniões,https://www.cgi.br/reunioes/extraordinarias/,CGI Reuniões
Política de Privacidade do WhatsApp,09 de julho de 2021,CGI.br Reuniões,https://www.cgi.br/reunioes/extraordinarias/,CGI Reuniões
Visite o site do CGI.br,16 de abril de 2021,CGI.br Reuniões,https://www.cgi.br/reunioes/extraordinarias/,CGI Reuniões
Visite o site do NIC.br,16 de abril de 2021,CGI.br Reuniões,https://www.cgi.br/reunioes/extraordinarias/,CGI Reuniões
Visite o site do Registro.br,16 de abril de 2021,CGI.br Reuniões,https://www.cgi.br/reunioes/extraordinarias/,CGI Reuniões
Visite o site do CERT.br,16 de abril de 2021,CGI.br Reuniões,https://www.cgi.br/reunioes/extraordinarias/,CGI Reuniões
Visite o site do CETIC.br,16 de abril de 2021,CGI.br Reuniões,https://www.cgi.br/reunioes/extraordinarias/,CGI Reuniões
Visite o site do CEPTRO.br,16 de abril de 2021,CGI.br Reuniões,https://www.cgi.br/reunioes/extraordinarias/,CGI Reuniões
Visite o site do Ceweb,16 de abril de 2021,CGI.br Reuniões,https://www.cgi.br/reunioes/extraordinarias/,CGI Reuniões
Visite o site do IX,16 de abril de 2021,CGI.br Reuniões,https://www.cgi.br/reunioes/extraordinarias/,CGI Reuniões
Visite o site do W3C,16 de abril de 2021,CGI.br Reuniões,https://www.cgi.br/reunioes/extraordinarias/,CGI Reuniões
Visite o site do CGI.br,19 de março de 2013,CGI.br Reuniões,https://www.cgi.br/reunioes/extraordinarias/,CGI Reuniões
Visite o site do NIC.br,19 de março de 2013,CGI.br Reuniões,https://www.cgi.br/reunioes/extraordinarias/,CGI Reuniões
Visite o site do Registro.br,19 de março de 2013,CGI.br Reuniões,https://www.cgi.br/reunioes/extraordinarias/,CGI Reuniões
Visite o site do CERT.br,19 de março de 2013,CGI.br Reuniões,https://www.cgi.br/reunioes/extraordinarias/,CGI Reuniões
Visite o site do CETIC.br,19 de março de 2013,CGI.br Reuniões,https://www.cgi.br/reunioes/extraordinarias/,CGI Reuniões
Visite o site do CEPTRO.br,19 de março de 2013,CGI.br Reuniões,https://www.cgi.br/reunioes/extraordinarias/,CGI Reuniões
Visite o site do Ceweb,19 de março de 2013,CGI.br Reuniões,https://www.cgi.br/reunioes/extraordinarias/,CGI Reuniões
Visite o site do IX,19 de março de 2013,CGI.br Reuniões,https://www.cgi.br/reunioes/extraordinarias/,CGI Reuniões
Visite o site do W3C,19 de março de 2013,CGI.br Reuniões,https://www.cgi.br/reunioes/extraordinarias/,CGI Reuniões
Visite o site do CGI.br,// 10 de setembro de 2012,CGI.br Reuniões,https://www.cgi.br/reunioes/extraordinarias/,CGI Reuniões
Visite o site do NIC.br,// 10 de setembro de 2012,CGI.br Reuniões,https://www.cgi.br/reunioes/extraordinarias/,CGI Reuniões
Visite o site do Registro.br,// 10 de setembro de 2012,CGI.br Reuniões,https://www.cgi.br/reunioes/extraordinarias/,CGI Reuniões
Visite o site do CERT.br,// 10 de setembro de 2012,CGI.br Reuniões,https://www.cgi.br/reunioes/extraordinarias/,CGI Reuniões
Visite o site do CETIC.br,// 10 de setembro de 2012,CGI.br Reuniões,https://www.cgi.br/reunioes/extraordinarias/,CGI Reuniões
Visite o site do CEPTRO.br,// 10 de setembro de 2012,CGI.br Reuniões,https://www.cgi.br/reunioes/extraordinarias/,CGI Reuniões
Visite o site do Ceweb,// 10 de setembro de 2012,CGI.br Reuniões,https://www.cgi.br/reunioes/extraordinarias/,CGI Reuniões
Visite o site do IX,// 10 de setembro de 2012,CGI.br Reuniões,https://www.cgi.br/reunioes/extraordinarias/,CGI Reuniões
Visite o site do W3C,// 10 de setembro de 2012,CGI.br Reuniões,https://www.cgi.br/reunioes/extraordinarias/,CGI Reuniões
